data,milano_infected,roma_infected,napoli_infected,torino_infected,palermo_infected,genova_infected,bologna_infected,firenze_infected,bari_infected,catania_infected
2022-01-01,238.7654116917048,23.11153232982369,284.7238195249618,0.0,42.23324344166484,0.0,11.214432854209647,0.0,0.0,131.38833181677347
2022-01-02,381.2285831310659,23.11153232982369,326.5729381867448,98.49175607463272,43.89073892872927,0.0,43.160972984193215,0.0,76.77746718769336,178.16127475633556
2022-01-03,445.7274478013395,375.8525801621539,326.5729381867448,98.49175607463272,125.91844880683726,35.529556892881246,163.3055447701818,0.0,201.8437664449124,202.08744261163557
2022-01-04,806.4587200200485,613.393827908182,787.6312518766504,196.69751656446903,187.90362192908339,155.5514919655542,275.43135155059537,86.72576631004004,337.68435773969173,243.631371063899
2022-01-05,1230.913276647925,1057.9699610778098,913.6920094981016,567.4470641106964,450.2551608338766,311.5191797268201,354.86234092666916,116.9322255311349,504.99648991425533,243.631371063899
2022-01-06,1781.2217234294076,1686.9113556872273,1438.202819585027,888.8261002085303,450.2551608338766,379.0446746488765,495.8151993396408,205.9451265296085,589.879563646161,277.49180344002565
2022-01-07,2270.845909773391,2688.3497287241157,1921.9946875022042,1388.2133499748415,725.6781521028615,539.2072079950118,738.6154701172024,285.6887435297429,691.2066731096844,435.131398896132
2022-01-08,3382.3211949775796,4257.42620570276,2563.156763711723,2078.4291149901524,969.3884868399538,670.6630068666278,948.8092799950969,447.3095919005974,990.185302890468,579.9644112145854
2022-01-09,4900.525387287309,5807.340862658357,3611.0743809317987,2868.259314612905,1362.9729199817941,850.6518228704326,1277.1165904214176,757.4928580245783,1189.7698684531692,664.8442956192084
2022-01-10,6737.324428792752,8108.905561221482,5124.740903413831,3938.7095548113175,1632.7769932403953,1150.2083612548088,1661.7780243637715,1154.8339030879752,1573.3259846737647,816.8993178523087
2022-01-11,9553.690945989767,11084.906434853496,7016.199430293904,5281.776806940816,1980.909398423904,1481.3608605035893,2155.075265787269,1638.470701635192,2025.7708393746966,991.9231414345558
2022-01-12,13292.002770731693,14961.03376835905,9727.361872192814,7073.2548688824245,2416.9959169062236,2021.0546169910845,2844.9489093299003,2372.416828116682,2756.845245354411,1362.0698039045112
2022-01-13,17951.644342125142,19920.96563997385,12805.276155329817,9403.045732118257,3229.6000008611622,2770.4536244230094,3878.419734320838,3212.3879228801766,3585.5308076287006,1878.9402739827176
2022-01-14,23888.35884844338,26200.617927161627,16919.85807797397,12659.908280649452,4421.218585241842,3788.001799499954,5037.867274576055,4382.968736506265,4503.167655761434,2539.3019892918633
2022-01-15,31609.968233613985,34985.42744175023,22119.128119589033,16729.2178137856,5798.178927403849,5070.788331095986,6638.198562397807,5863.742489026544,5757.721621199656,3273.991469482087
2022-01-16,41344.358907518435,45758.09396025958,29246.401872397582,22137.743147251327,7597.249414116375,6712.303663596788,8745.446830442072,7655.400663115974,7465.1150874114555,4245.703777259143
2022-01-17,54143.433653309425,59544.25498532505,38118.85313347059,29007.553847398893,9834.78991772919,8908.66463160612,11483.847174213344,10029.852104804671,9720.542150124786,5553.285751016245
2022-01-18,71022.41796366774,77896.80981031062,50398.644554115264,38223.880736902516,12795.59292229676,11699.52244147329,15082.910852352463,13104.455953701934,12480.002799456037,7502.1215601284375
2022-01-19,92259.76326472116,101863.26699777768,66114.93545316944,49919.52476539834,16719.072089184472,15457.582566673673,19709.871399368432,17224.941992285305,16047.58962947881,9802.903758584569
2022-01-20,121027.00962347357,132701.16514973895,86635.09457139262,65295.74497261816,21976.512531875458,20333.062175128667,25832.631058366333,22748.95394975139,20813.913155863993,13176.783626380398
2022-01-21,156767.2452925953,172365.4215522651,113322.3717833716,85062.08024355867,29368.006517968897,26565.573631021856,33587.309837273184,29710.361266928237,27193.539277096075,17203.49443980666
2022-01-22,202234.7518758019,225283.9383077144,149262.83189752878,110904.11086896008,38170.4207518499,34522.2975664544,43858.062301509606,38558.85785578306,35113.15300705807,22942.820329631904
2022-01-23,260480.41909008316,291336.8684141352,195158.09962595574,143659.16262356567,49325.20714454436,45223.58545275018,56827.20277800314,50332.74833458731,46008.96518900577,30079.326165283397
2022-01-24,335123.85832605144,376454.49897956784,252306.63385933003,186271.91941955074,64285.0983999222,59020.03219838401,73765.31943944175,65410.29699608522,60660.31571691701,39190.253320763164
2022-01-25,427883.9830231509,481647.6338119028,322273.4259897014,239791.92416104372,83311.15554620921,76459.47602857956,95044.73923764445,84700.88172900805,78121.1595363951,51025.5547118728
2022-01-26,540310.2778044951,611763.7990406038,413945.1517649459,306832.3496510882,109084.83708601663,98511.1310181751,121650.49661322864,108838.17413384313,101787.92952311337,66603.27530011068
2022-01-27,675236.41519211,771532.018675799,525225.1052443942,388375.1483385982,140668.40086345462,126492.37583879364,155548.80556165148,139939.01945637137,132473.81255231035,86128.71558966594
2022-01-28,841071.0357309908,960882.8555914522,654802.5946194049,486822.9818590984,180136.7518044548,160431.66277380876,195497.13491640793,179482.79928580578,168807.2369343896,112299.69480068047
2022-01-29,1029235.9109672722,1185087.3911294325,812547.714097986,604477.386430991,229162.77705150563,200953.20701303522,243721.6776331077,225287.4190303172,215648.87138482285,140863.41930936815
2022-01-30,1235475.9968141767,1440007.9415410634,1003482.1523896446,738500.1301340705,291841.5653932382,249076.0790562431,300396.17694940773,280468.0112324762,272578.17047194316,179051.53340471935
2022-01-31,1451238.1171812026,1719335.075242767,1204975.0282880852,886922.5480048524,363977.23636473564,303923.0743647048,364804.6742841877,344639.7875859292,341870.0055126677,223207.588465077
2022-02-01,1670114.8964872004,2009325.4520499762,1425882.9109051917,1044450.6943395172,443732.81762769644,364801.83378981747,434588.3536516652,418439.02391947387,420700.09798707376,279808.8033425616
2022-02-02,1889584.433017263,2308013.9659835193,1661894.7246482116,1209267.8645276662,529687.2873473649,431941.4022166162,508609.91024684056,494018.2590069094,504567.99130309816,346239.5139351335
2022-02-03,2094553.0332658323,2594175.4038471477,1883406.783048528,1368777.495475562,627629.6999654152,499229.30372668314,583325.586499322,573595.0480748635,595743.9534577752,411045.42390545574
2022-02-04,2284479.9170513786,2864229.358164432,2083959.7102648818,1519382.8983956259,723480.3103123143,565244.9691369659,656433.607947543,654893.6230480873,693648.2455528548,485417.5422675397
2022-02-05,2445973.749312478,3100369.1464687563,2273465.8744008886,1656707.1123556264,814479.8707174995,629007.5900643009,723971.1441867683,731006.0983751536,786592.0811340645,559841.5985669416
2022-02-06,2580747.0081036035,3306712.8537292285,2432920.618251088,1779365.3737713564,907304.1369597341,687019.270723104,784917.5657087299,800771.6551390054,875946.3810538088,632732.8681715092
2022-02-07,2697366.921629955,3478052.1056118137,2578242.971047819,1879166.3302093346,985271.572064463,736610.65016088,837326.2752760645,860183.5883486769,955946.1659499316,708454.0614999915
2022-02-08,2787559.776355303,3616988.31294783,2696431.125240472,1963048.7180346446,1052683.9848185554,780033.0694043321,881565.7321406086,912464.6436375517,1029560.8110516316,778537.1387627923
2022-02-09,2862931.133518264,3731494.554851017,2793753.6822603075,2031090.4059904309,1110477.3166562761,816532.6364099784,919220.8805602695,955399.1125046249,1091638.7341711458,835162.8518244367
2022-02-10,2921430.3398124687,3824696.2105876803,2873955.177587845,2084534.3979846435,1160060.4788842376,845570.254906307,949892.2576390995,991883.660145967,1142852.1869485453,885452.8732710779
2022-02-11,2967071.4441053937,3899305.778236872,2937484.719698917,2127522.304152499,1198792.3097852827,869352.4043728175,974283.261644706,1020747.3387793594,1183973.9733691525,930143.5022024586
2022-02-12,3004371.398951916,3957975.556476316,2989057.402049692,2163053.3315132842,1228737.6530750978,888077.8556840145,994156.3080264884,1043662.6233551467,1218422.113377644,965665.3394067824
2022-02-13,3035654.649713017,4005852.3073578095,3029427.953442705,2191056.222771163,1254524.6058031556,903919.7389367127,1009987.7685335181,1061970.9748591997,1245729.3049084211,994594.4637591874
2022-02-14,3059911.7557431585,4044926.7252361462,3062059.0951901893,2212969.6070803776,1275650.0519971007,915992.6254018766,1022738.3980973389,1077241.382884283,1268061.7091869444,1018198.9597437361
2022-02-15,3079693.2244606125,4076291.5428216276,3087599.6282597827,2231020.885196717,1291163.2369474492,925949.0840358784,1032917.9111430715,1088958.5051622326,1286200.2081295995,1036541.8894240984
2022-02-16,3096494.1044947226,4102173.7202688493,3107583.712754309,2245977.44855047,1304093.2509869358,933853.4331504756,1041426.3434779404,1098731.8930441337,1299940.215967986,1051829.8714126674
2022-02-17,3110205.8466188824,4123124.5543836555,3125820.86251556,2257775.0773120383,1314303.292943437,940431.1036983836,1048319.8252591821,1106727.227741905,1311510.692146179,1064783.7819927162
2022-02-18,3121438.1288864175,4140718.5802285085,3140631.2848570095,2267554.3187777004,1322861.9412114744,945598.5436833596,1054015.2351974396,1113032.0883854302,1321108.6627765584,1074839.546106991
2022-02-19,3130690.105813718,4155163.2407412548,3152548.030080267,2275583.6525576487,1329828.3001003573,950011.0168839615,1058654.8718478011,1118238.0116016464,1328906.8157495824,1082674.4942880734
2022-02-20,3138416.7331003686,4167045.052026714,3162490.939612842,2282603.180074038,1335720.9140118484,953591.6857254519,1062486.1673551253,1122638.9755243594,1335358.5961353614,1090201.2962728287
2022-02-21,3145010.9077851237,4177882.403003409,3170973.232089986,2288445.6838205843,1340236.5532760674,956594.4148765261,1065678.6833120591,1126198.2430764998,1340639.2171694753,1095490.2889025302
2022-02-22,3150464.848831613,4185829.1223374438,3178269.28296843,2293319.488934822,1344094.5817607278,959151.9070436399,1068483.7452634738,1129154.760358496,1345095.2707906815,1100092.058659543
2022-02-23,3155441.1157272304,4193489.112538131,3184371.7772766883,2297436.289575378,1347284.090720189,961340.0379895956,1070769.0792913463,1131764.1221687112,1348628.6972501467,1103809.0381976124
2022-02-24,3159076.103763573,4199864.142016094,3189256.7800488113,2300781.649756954,1349880.1334967478,963151.6107474957,1072594.3197231588,1133942.5136243552,1351793.151300643,1106968.4197209985
2022-02-25,3162819.8003660026,4205582.314214477,3193580.069682281,2303720.4921320057,1352104.0418153931,964700.5342043227,1074220.6271036973,1135790.4586997135,1354465.9854137136,1109755.4529056991
2022-02-26,3165862.340725462,4210116.975398372,3196974.869820079,2306127.1914941557,1354174.4293985215,965971.8446554095,1075587.4610707776,1137231.370253519,1356716.9933004763,1111860.6461405584
2022-02-27,3168617.525136307,4214092.224673966,3200297.194559627,2308373.962255822,1355812.8860829256,967060.8097451812,1076723.2507154944,1138565.9267240048,1358564.322039497,1113730.534101268
2022-02-28,3170737.3903353624,4217102.3754816,3202914.336778779,2310330.4692516746,1357130.5566938105,968078.4554576643,1077726.8443313478,1139624.139911395,1359995.4627382304,1115405.852359576
2022-03-01,3172596.3386721276,4220167.948385296,3205072.911386474,2312155.193575879,1358407.4073746835,968858.373762407,1078514.8013143658,1140567.0826864217,1361293.2993859074,1116791.2820973247
2022-03-02,3174608.191741094,4222307.84722478,3207175.584738185,2313579.496671,1359457.7672512229,969507.1995446397,1079250.1225354206,1141247.8641341461,1362441.1227360854,1117996.5663121273
2022-03-03,3176051.8410093035,4225208.638526065,3208795.0876400145,2314728.0050023487,1360449.6339133761,970140.8615774575,1079812.6104769974,1141848.3622369338,1363418.8205047103,1119095.4584692756
2022-03-04,3177337.9096092917,4227108.248690126,3209729.3503983063,2315920.335171042,1361333.2016420413,970631.1584266121,1080412.2207705975,1142378.282564689,1364209.0211022564,1120116.0408559795
2022-03-05,3178212.5158108133,4229048.270378509,3210862.2378327823,2317074.562445542,1361937.1383774683,971042.2299001375,1080877.6844754529,1142877.1455515458,1364933.6281374418,1120897.6689443677
2022-03-06,3179312.690221716,4230382.206140939,3212095.3275934304,2317812.9103610786,1362362.1215431036,971471.3145333519,1081277.4567430597,1143429.684004909,1365571.8891031437,1121483.922419163
2022-03-07,3180110.9437624165,4231662.042383228,3213118.695326907,2318479.8449060433,1362805.0643018966,971896.0333765978,1081735.322900914,1143873.7758443411,1366155.370828824,1122109.4856860258
2022-03-08,3180797.216019493,4233150.851907611,3214067.7670018035,2319122.3010693686,1363316.019209396,972198.9962719064,1082038.9682671647,1144309.0039152943,1366745.427030502,1122710.9241943113
2022-03-09,3181479.672591666,4234068.210400702,3214827.0333197615,2319527.8741377885,1363657.3185106372,972420.0881214918,1082310.6481286131,1144535.1622585019,1367135.5691188641,1123155.4950780368
2022-03-10,3181852.85052426,4234879.995710893,3215687.0653584693,2319960.475695893,1364011.7170667413,972668.394408486,1082629.2784121216,1144823.1666307917,1367441.6104042842,1123464.504082144
2022-03-11,3182217.315777309,4235376.21236995,3216001.8503481606,2320270.3893099017,1364429.8817208305,972912.3209285708,1082843.09539925,1145121.4537557778,1367813.010678397,1123773.481565138
2022-03-12,3182503.1250538994,4235856.011282286,3216502.215894439,2320515.564654726,1364639.7627203048,973080.8453582441,1083043.3579660447,1145326.4032194072,1368090.333035806,1124050.6215371299
2022-03-13,3182570.97119292,4236235.423704748,3217076.0990873068,2320804.9183332683,1364825.6480697421,973332.9102206661,1083301.6288740567,1145540.7744491652,1368265.052437443,1124242.4376226894
2022-03-14,3182570.97119292,4236889.410878948,3217146.8795196093,2320804.9183332683,1365055.9317172614,973419.3661540536,1083387.8737390174,1145674.8147369672,1368429.74067445,1124393.136216434
2022-03-15,3182944.697889443,4237319.002581635,3217486.1390538057,2321012.8890177133,1365205.0066319872,973627.3715954267,1083449.4189661697,1145753.76324478,1368679.5637300585,1124536.0400649328
2022-03-16,3182944.697889443,4237659.814729741,3217809.265146301,2321138.8199061733,1365244.3263400332,973744.2750266726,1083511.1831020664,1146002.4097291543,1368684.6492467085,1124719.1248594543
2022-03-17,3183198.2833805853,4238144.327754172,3217977.5508108707,2321321.7737210444,1365351.281874588,973833.769803169,1083515.707751624,1146092.0041055633,1368715.9530287164,1124870.597568375
2022-03-18,3183431.61022023,4238274.785100529,3218404.0406381744,2321536.657182688,1365351.281874588,973939.2970785302,1083565.7290301088,1146116.606086101,1368866.4255975974,1125010.8888792486
2022-03-19,3183673.961057127,4238517.15076451,3218571.186660276,2321630.0587518592,1365388.2292999749,974005.2208809034,1083692.1589735167,1146240.991885065,1368974.0301979217,1125091.7510016058
2022-03-20,3183818.8188007087,4238517.15076451,3218979.8399382723,2321723.480206992,1365578.522739182,974181.2093765695,1083756.3273594426,1146370.6867765011,1368974.0301979217,1125105.9321461234
2022-03-21,3183818.8188007087,4238517.15076451,3219444.644662438,2322119.746950309,1365630.0435172776,974204.5866978407,1083763.098431746,1146403.3347750986,1369279.499856125,1125196.793431153
2022-03-22,3183997.7125680544,4239164.907053724,3219444.644662438,2322119.746950309,1365630.0435172776,974299.119992414,1083974.4214549747,1146524.453720821,1369300.6229008678,1125204.613721071
2022-03-23,3183997.7125680544,4239164.907053724,3219444.644662438,2322327.3325089877,1365725.844527056,974365.2922516793,1084007.3972646839,1146524.453720821,1369300.6229008678,1125253.4151992444
2022-03-24,3183997.7125680544,4239164.907053724,3219444.644662438,2322467.955640314,1365780.8085139245,974430.7788825278,1084007.3972646839,1146630.3077283017,1369348.3500043496,1125287.5680711528
2022-03-25,3184041.4109919406,4239164.907053724,3219488.4075718066,2322481.245583927,1365780.8085139245,974431.8199203389,1084210.294527192,1146804.8123368905,1369413.04853185,1125392.4365752377
2022-03-26,3184176.354625928,4239396.880145188,3219713.130171013,2322481.245583927,1365864.9174272825,974487.2796347038,1084210.294527192,1146804.8123368905,1369413.04853185,1125493.645741295
2022-03-27,3184543.6534371525,4239472.613181858,3219765.9841862684,2322495.4637737735,1365923.0613786033,974487.2796347038,1084256.2106119664,1146847.7744756176,1369464.7751059053,1125515.0100142672
2022-03-28,3184633.034079961,4239506.997520446,3219765.9841862684,2322495.4637737735,1365998.669427815,974487.2796347038,1084265.4946807143,1146955.4611201154,1369641.0356005665,1125667.9489761656
2022-03-29,3184633.034079961,4239992.911362631,3219765.9841862684,2322495.4637737735,1366017.3083168499,974487.2796347038,1084283.2609196326,1146970.7461203572,1369641.0356005665,1125717.754356289
2022-03-30,3184633.034079961,4240248.24636813,3219765.9841862684,2322621.8316668086,1366017.3083168499,974487.2796347038,1084316.1989927306,1147044.6976521853,1369660.0727875328,1125717.754356289
2022-03-31,3184722.6286796387,4240248.24636813,3219765.9841862684,2322668.8864143305,1366017.3083168499,974556.7523921293,1084337.1223758014,1147076.9968891705,1369779.460571223,1125717.754356289
2022-04-01,3184722.6286796387,4240400.725802432,3219765.9841862684,2322736.3180574034,1366138.380386801,974557.4015131032,1084360.7004155286,1147105.5043354782,1369879.054671554,1125717.754356289
2022-04-02,3184835.595176618,4240400.725802432,3219979.886056,2322818.404154942,1366208.8237339652,974563.9410843169,1084360.7004155286,1147105.5043354782,1369904.9603858185,1125717.754356289
2022-04-03,3184967.896623215,4240400.725802432,3219979.886056,2322818.404154942,1366208.8237339652,974563.9410843169,1084373.941717231,1147105.5043354782,1369904.9603858185,1125717.754356289
2022-04-04,3185077.3272655946,4240406.756381758,3220024.6726064184,2322946.3929900904,1366208.8237339652,974578.2132111206,1084405.6905941204,1147127.9218379338,1369904.9603858185,1125785.1245293221
2022-04-05,3185077.3272655946,4240406.756381758,3220127.811348222,2322985.4518092503,1366208.8237339652,974648.3512121425,1084447.2235456454,1147231.9256279992,1369904.9603858185,1125831.9176465382
2022-04-06,3185171.9932104037,4240619.734970385,3220306.8038141592,2323074.3160457932,1366208.8237339652,974648.3512121425,1084495.1408481246,1147297.7629623658,1369904.9603858185,1125831.9176465382
2022-04-07,3185214.5370634124,4240619.734970385,3220580.733968014,2323210.0020147413,1366312.1972732595,974706.8380725834,1084563.119100743,1147384.1200533186,1370089.4119901385,1125859.8620232828
2022-04-08,3185705.3874168484,4240753.945428632,3220634.062539126,2323341.5363292648,1366312.1972732595,974721.5162385041,1084603.6592686847,1147467.9110424335,1370089.4119901385,1125910.7899258058
2022-04-09,3185940.205514061,4240811.735616897,3220634.062539126,2323341.5363292648,1366312.1972732595,974721.5162385041,1084672.461283584,1147467.9110424335,1370089.4119901385,1125910.7899258058
2022-04-10,3185940.205514061,4240811.735616897,3220895.6829145127,2323375.272766948,1366312.1972732595,974773.2606119978,1084705.2843053208,1147467.9110424335,1370089.4119901385,1125924.5498682084
2022-04-11,3185945.1871006154,4241101.195083905,3220895.6829145127,2323375.272766948,1366312.1972732595,974773.2606119978,1084747.5653439248,1147467.9110424335,1370089.4119901385,1125924.5498682084
2022-04-12,3185945.1871006154,4241142.790419778,3221026.039102144,2323412.9766834285,1366439.0540182444,974812.3678300264,1084820.2731220687,1147498.0427007137,1370198.1655852385,1125924.5498682084
2022-04-13,3185945.1871006154,4241142.790419778,3221026.039102144,2323433.7623446863,1366439.0540182444,974812.3678300264,1084820.2731220687,1147498.0427007137,1370201.180215023,1125924.5498682084
2022-04-14,3185945.1871006154,4241142.790419778,3221206.5432573133,2323543.987920171,1366475.3057316872,974817.9170285956,1084866.8046965546,1147528.5859512861,1370284.1125871222,1125961.4623814502
2022-04-15,3186045.6617299123,4241150.818370234,3221206.5432573133,2323543.987920171,1366581.0880456718,974973.0350365455,1084879.6893468283,1147528.5859512861,1370340.8022434,1125971.2679080951
2022-04-16,3186045.6617299123,4241198.908678554,3221206.5432573133,2323543.987920171,1366647.5745554327,975029.8885634089,1084879.6893468283,1147528.5859512861,1370340.8022434,1125971.2679080951
2022-04-17,3186158.911682385,4241420.412298365,3221383.5380289736,2323573.1833432214,1366647.5745554327,975048.949701309,1084969.035680445,1147548.7041220914,1370340.8022434,1125975.7722236477
2022-04-18,3186329.6245296206,4241708.557375702,3221383.5380289736,2323573.1833432214,1366653.8736632464,975208.9147657828,1085013.3150099474,1147562.9906551298,1370458.2644493722,1125995.924618576
2022-04-19,3186388.539212649,4241728.118896394,3221416.197969445,2323758.005309141,1366653.8736632464,975208.9147657828,1085037.476311435,1147607.5388706233,1370458.2644493722,1126061.275972693
2022-04-20,3186388.539212649,4241793.900956687,3221450.9087931593,2323758.005309141,1366776.2811019304,975312.3232100973,1085037.476311435,1147607.5388706233,1370458.2644493722,1126067.7362406948
2022-04-21,3186388.539212649,4241793.900956687,3221450.9087931593,2323784.307757392,1366776.2811019304,975334.0262724446,1085191.5786710074,1147706.1338088894,1370521.4020556419,1126108.9668550913
2022-04-22,3186388.539212649,4241793.900956687,3221652.543945464,2323784.307757392,1366807.552759454,975355.0574234673,1085191.5786710074,1147706.1338088894,1370626.7169258948,1126257.1891073918
2022-04-23,3186395.7938486594,4241866.490329515,3221689.5839586086,2323784.307757392,1366883.3447792302,975405.5363495768,1085272.8742885264,1147753.4082790848,1370709.5075943607,1126294.4591913198
2022-04-24,3186437.727712085,4241981.56255362,3221689.5839586086,2323896.3865932995,1366883.3447792302,975405.5363495768,1085284.640498314,1147753.4082790848,1370709.5075943607,1126294.4591913198
2022-04-25,3186482.101203138,4242296.563689315,3221689.5839586086,2323896.3865932995,1366883.3447792302,975459.0094925778,1085336.991957407,1147753.4082790848,1370775.4793911441,1126294.4591913198
2022-04-26,3186734.911525152,4242296.563689315,3221768.4119919413,2323898.1625085687,1366924.290304926,975459.0094925778,1085336.991957407,1147851.2146257819,1370790.382155404,1126329.2734705477
2022-04-27,3186734.911525152,4242733.448607667,3222014.3707527188,2323898.1625085687,1366994.5963226962,975483.5181026204,1085336.991957407,1147851.2146257819,1370801.0024741592,1126334.7542071908
2022-04-28,3186734.911525152,4242733.448607667,3222014.3707527188,2323898.1625085687,1366994.5963226962,975483.5181026204,1085353.0862275509,1147883.799121064,1370801.0024741592,1126369.6395759752
2022-04-29,3186734.911525152,4242796.147572153,3222130.7241980634,2323915.7444067076,1367053.3504326043,975483.5181026204,1085410.4276114774,1147883.799121064,1370818.3888402153,1126409.2819636692
2022-04-30,3186795.2331480156,4242796.147572153,3222130.7241980634,2323915.7444067076,1367079.0806054256,975483.5181026204,1085514.9042836176,1147883.799121064,1370863.5291065518,1126409.2819636692
2022-05-01,3186795.2331480156,4242796.147572153,3222183.5904929675,2323915.7444067076,1367179.1657054238,975483.5181026204,1085514.9042836176,1148072.5422462395,1370863.5291065518,1126472.8379536888
2022-05-02,3186795.2331480156,4243570.057672765,3222222.943823097,2323915.7444067076,1367179.1657054238,975483.5181026204,1085521.6854518405,1148072.5422462395,1370863.5291065518,1126472.8379536888
2022-05-03,3186804.123536856,4243570.057672765,3222410.7662185687,2323985.5747215576,1367227.4411442864,975498.5571160107,1085521.6854518405,1148072.5422462395,1370863.5291065518,1126472.9700225575
2022-05-04,3187024.542129814,4243597.589683624,3222410.7662185687,2323985.5747215576,1367227.4411442864,975547.2837015127,1085521.6854518405,1148072.5422462395,1371035.0307613697,1126472.9700225575
2022-05-05,3187024.542129814,4243597.589683624,3222458.4712882205,2323985.5747215576,1367227.4411442864,975547.2837015127,1085521.6854518405,1148095.0292278044,1371035.0307613697,1126472.9700225575
2022-05-06,3187037.3860883783,4243597.589683624,3222536.418604885,2323985.5747215576,1367227.4411442864,975563.4639996851,1085547.1359026667,1148095.0292278044,1371035.0307613697,1126472.9700225575
2022-05-07,3187037.3860883783,4243597.589683624,3222536.418604885,2323985.5747215576,1367245.516894743,975622.4880914569,1085547.1359026667,1148136.0842458536,1371035.0307613697,1126472.9700225575
2022-05-08,3187176.5799212246,4243597.589683624,3222549.310211116,2324052.6125645987,1367265.7671229334,975765.7159386047,1085547.1359026667,1148136.0842458536,1371035.0307613697,1126472.9700225575
2022-05-09,3187327.2784248227,4243597.589683624,3222717.213343902,2324079.1530641485,1367265.7671229334,975787.4305483315,1085547.1359026667,1148136.0842458536,1371066.1963547133,1126476.648461696
2022-05-10,3187551.1720311134,4243597.589683624,3222866.4945840775,2324079.1530641485,1367265.7671229334,975871.8649779428,1085619.6808977937,1148175.0223245667,1371138.1283072107,1126485.9800718795
2022-05-11,3187551.1720311134,4243597.589683624,3223097.8234131536,2324079.1530641485,1367265.7671229334,975871.8649779428,1085649.7765522404,1148175.0223245667,1371247.555730054,1126559.3524787144
2022-05-12,3187575.061867706,4243597.589683624,3223097.8234131536,2324106.704329242,1367315.989515789,975894.0235857196,1085696.646825126,1148175.0223245667,1371247.555730054,1126559.3524787144
2022-05-13,3187575.061867706,4243597.589683624,3223491.5580124976,2324299.56662665,1367388.6183212395,975918.3116504772,1085696.646825126,1148175.0223245667,1371247.555730054,1126559.3524787144
2022-05-14,3187780.284745404,4243597.589683624,3223491.5580124976,2324299.56662665,1367388.6183212395,975940.5926121479,1085696.646825126,1148175.0223245667,1371247.555730054,1126625.9811025006
2022-05-15,3187859.2374145263,4243822.807948249,3223491.5580124976,2324299.56662665,1367388.6183212395,975940.5926121479,1085775.9704061581,1148175.0223245667,1371284.3926162445,1126625.9811025006
2022-05-16,3187859.2374145263,4243822.807948249,3223528.871983917,2324299.56662665,1367388.6183212395,975940.5926121479,1085775.9704061581,1148175.0223245667,1371284.3926162445,1126625.9811025006
2022-05-17,3187885.752996786,4243822.807948249,3223528.871983917,2324363.209395305,1367515.42160295,975940.5926121479,1085775.9704061581,1148236.0987253261,1371284.3926162445,1126639.0140585534
2022-05-18,3188182.311279627,4243822.807948249,3223528.871983917,2324363.209395305,1367515.42160295,975988.367829566,1085775.9704061581,1148236.0987253261,1371312.7790116712,1126639.0140585534
2022-05-19,3188182.311279627,4243892.959738361,3223789.38790747,2324363.209395305,1367547.5722112197,976061.4839254054,1085775.9704061581,1148246.3888892657,1371389.4437337895,1126639.0140585534
2022-05-20,3188182.311279627,4244102.919663007,3223789.38790747,2324649.6968177385,1367549.9610388926,976196.1991746498,1085782.8106979604,1148246.3888892657,1371389.4437337895,1126639.0140585534
2022-05-21,3188182.311279627,4244102.919663007,3223789.38790747,2324805.2979080495,1367604.8576728625,976196.1991746498,1085880.301773804,1148246.3888892657,1371389.4437337895,1126650.344943593
2022-05-22,3188351.2866205345,4244120.332875954,3223789.38790747,2324805.2979080495,1367604.8576728625,976196.1991746498,1085880.301773804,1148288.6591380655,1371442.5212405245,1126669.491546401
2022-05-23,3188366.1501191612,4244287.450633378,3223789.38790747,2324805.2979080495,1367775.6490206665,976208.6937888362,1085880.301773804,1148288.6591380655,1371452.468784727,1126684.4116421044
2022-05-24,3188591.16208612,4244339.6850660425,3223789.38790747,2324858.7922748975,1367775.6490206665,976208.6937888362,1085880.301773804,1148334.0253840534,1371452.468784727,1126684.4116421044
2022-05-25,3188665.1503848317,4244339.6850660425,3223854.10309044,2324990.1031803493,1367775.6490206665,976208.6937888362,1085880.301773804,1148334.0253840534,1371452.468784727,1126745.5136713944
2022-05-26,3188665.1503848317,4244339.6850660425,3223854.10309044,2324990.1031803493,1367775.6490206665,976226.4730947692,1085880.301773804,1148334.0253840534,1371461.3163098812,1126751.7536169123
2022-05-27,3188665.1503848317,4244339.6850660425,3224179.6918782317,2324990.1031803493,1367775.6490206665,976226.4730947692,1085880.301773804,1148334.0253840534,1371474.181748363,1126751.7536169123
2022-05-28,3188764.7119792155,4244339.6850660425,3224179.6918782317,2324992.0803945693,1367915.6660841033,976226.4730947692,1086024.6447801616,1148334.0253840534,1371516.5011845536,1126813.768453742
2022-05-29,3188764.7119792155,4244497.694140853,3224179.6918782317,2325060.889372137,1367915.6660841033,976306.9426217513,1086024.6447801616,1148453.9899679332,1371603.2327983566,1126817.2805492752
2022-05-30,3188764.7119792155,4244497.694140853,3224427.1390951634,2325066.325030123,1367915.6660841033,976306.9426217513,1086025.6616464695,1148534.9061826062,1371644.9594276783,1126884.4874626906
2022-05-31,3188764.7119792155,4244497.694140853,3224427.1390951634,2325066.325030123,1367915.6660841033,976339.0833306985,1086025.6616464695,1148534.9061826062,1371666.6687152255,1126980.7593278936
2022-06-01,3188770.460552951,4244497.694140853,3224427.1390951634,2325226.470484238,1367915.6660841033,976410.8040787674,1086025.6616464695,1148534.9061826062,1371666.6687152255,1127034.4080528747
2022-06-02,3188770.460552951,4244497.694140853,3224455.1256086524,2325226.470484238,1367915.6660841033,976410.8040787674,1086025.6616464695,1148534.9061826062,1371666.6687152255,1127067.639548941
2022-06-03,3188841.997428862,4244901.651450754,3224455.1256086524,2325396.974511951,1367955.502991037,976461.4709147332,1086084.2312011118,1148534.9061826062,1371738.0759153147,1127067.639548941
2022-06-04,3188968.2195077925,4244901.651450754,3224455.1256086524,2325396.974511951,1368033.1158248107,976461.4709147332,1086116.3214804255,1148534.9061826062,1371794.5393845597,1127067.639548941
2022-06-05,3189123.1846112786,4245321.033518523,3224455.1256086524,2325396.974511951,1368033.1158248107,976554.2589912236,1086140.4422420687,1148557.1317909937,1371794.5393845597,1127131.7205173862
2022-06-06,3189135.6625254154,4245527.68326979,3224455.1256086524,2325415.3019430884,1368142.4913935643,976554.2589912236,1086142.2731585433,1148557.1317909937,1371794.5393845597,1127131.7205173862
2022-06-07,3189135.6625254154,4245596.906281281,3224731.7058273926,2325664.3624880235,1368189.9959278186,976554.2589912236,1086260.2980706596,1148677.8611004022,1371848.642149646,1127131.7205173862
2022-06-08,3189377.487299318,4245712.50233541,3224731.7058273926,2325664.3624880235,1368258.143100513,976584.8256323738,1086264.0685581868,1148741.487003147,1371848.642149646,1127131.7205173862
2022-06-09,3189377.487299318,4245712.50233541,3224825.394763384,2325795.199296606,1368258.143100513,976614.0399146926,1086264.0685581868,1148741.487003147,1371848.642149646,1127230.096251814
2022-06-10,3189377.487299318,4245712.50233541,3224825.394763384,2325838.1600277317,1368258.143100513,976641.9180644718,1086264.0685581868,1148741.487003147,1371848.642149646,1127230.096251814
2022-06-11,3189580.458664366,4245906.034111518,3224858.201047416,2325838.1600277317,1368268.1187543278,976667.3240202861,1086264.0685581868,1148741.487003147,1371965.7507922342,1127265.149276135
2022-06-12,3189580.458664366,4245906.034111518,3224858.201047416,2326023.789687359,1368268.1187543278,976667.3240202861,1086305.463594935,1148741.487003147,1371971.1908991395,1127274.3285493061
2022-06-13,3189580.458664366,4245906.034111518,3224965.219075667,2326060.903504318,1368268.1187543278,976667.3240202861,1086305.463594935,1148796.9192647585,1371971.1908991395,1127334.7930725457
2022-06-14,3189593.2658970123,4245906.034111518,3224965.219075667,2326123.0776808183,1368321.6197663695,976696.7679538525,1086337.6401947937,1148808.7143203602,1371971.1908991395,1127334.7930725457
2022-06-15,3189593.2658970123,4245906.034111518,3225165.159034422,2326521.1330876364,1368321.6197663695,976696.7679538525,1086388.2493054639,1148864.877984207,1372005.738638648,1127334.7930725457
2022-06-16,3189742.475304733,4245906.034111518,3225425.1431597266,2326521.1330876364,1368446.1738466332,976696.7679538525,1086424.63016341,1148892.6234231847,1372102.2032572713,1127392.7637290775
2022-06-17,3189742.475304733,4245906.034111518,3225576.1044150833,2326521.1330876364,1368449.406823128,976696.7679538525,1086462.1554285414,1148895.4700194264,1372102.2032572713,1127392.7637290775
2022-06-18,3189742.475304733,4246029.550108388,3225740.282438227,2326566.5153408893,1368470.6695458253,976696.7679538525,1086462.1554285414,1148895.4700194264,1372102.2032572713,1127460.9743400172
2022-06-19,3189923.0395329488,4246029.550108388,3225740.282438227,2326566.5153408893,1368570.1521238044,976696.7679538525,1086516.1575893092,1148926.3557537666,1372128.0899556489,1127460.9743400172
2022-06-20,3190147.145909645,4246029.550108388,3226053.691820472,2326566.5153408893,1368570.1521238044,976696.7679538525,1086516.1575893092,1148962.8834421965,1372128.0899556489,1127594.0138700202
2022-06-21,3190268.6732662073,4246237.702327103,3226053.691820472,2326566.5153408893,1368570.1521238044,976703.6305463727,1086553.1949636817,1148962.8834421965,1372128.0899556489,1127594.0138700202
2022-06-22,3190361.292423647,4246439.97263831,3226189.8288885215,2326605.0331206834,1368570.1521238044,976762.0185653337,1086553.1949636817,1148976.310839687,1372147.884275977,1127624.0106270849
2022-06-23,3190361.292423647,4246530.371629247,3226189.8288885215,2326627.0438347603,1368570.1521238044,976787.1111940963,1086661.0858509694,1149015.0716196345,1372229.5441401156,1127624.0106270849
2022-06-24,3190361.292423647,4246786.240572031,3226189.8288885215,2326664.852452416,1368570.1521238044,976808.3150382882,1086661.0858509694,1149015.0716196345,1372415.3309697309,1127624.0106270849
2022-06-25,3190361.292423647,4246786.240572031,3226189.8288885215,2326774.9686592063,1368570.1521238044,976808.3150382882,1086740.659283906,1149015.0716196345,1372434.5199934924,1127779.1831151205
2022-06-26,3190361.292423647,4246786.240572031,3226189.8288885215,2326888.615937515,1368579.8792844962,976808.3150382882,1086740.659283906,1149015.0716196345,1372434.5199934924,1127779.1831151205
2022-06-27,3190361.292423647,4246786.240572031,3226189.8288885215,2327112.5128190694,1368579.8792844962,976827.5365022758,1086756.9136242806,1149108.3055992953,1372509.5536906824,1127866.8421444523
2022-06-28,3190772.1845387737,4247048.323964059,3226189.8288885215,2327112.5128190694,1368579.8792844962,976887.0738756234,1086756.9136242806,1149242.749980932,1372509.5536906824,1127866.8421444523
2022-06-29,3190772.1845387737,4247048.323964059,3226189.8288885215,2327112.5128190694,1368612.111473425,976887.0738756234,1086756.9136242806,1149242.749980932,1372509.5536906824,1127898.2938634953
2022-06-30,3191010.351478304,4247048.323964059,3226398.3308950393,2327125.3185917344,1368614.3673940708,976887.0738756234,1086756.9136242806,1149242.749980932,1372509.5536906824,1127964.3306668357
2022-07-01,3191123.641665449,4247252.438417538,3226501.0312394197,2327139.390413856,1368614.3673940708,976887.0738756234,1086756.9136242806,1149242.749980932,1372509.5536906824,1127964.3306668357
2022-07-02,3191245.966857332,4247252.438417538,3226552.11905393,2327460.0226258365,1368614.3673940708,976887.0738756234,1086756.9136242806,1149331.7635278562,1372509.5536906824,1127964.3306668357
2022-07-03,3191363.973305465,4247252.438417538,3226552.11905393,2327594.189282861,1368614.3673940708,976915.9930216206,1086767.4744115784,1149331.7635278562,1372560.2310776962,1128043.8217169621
2022-07-04,3191363.973305465,4247252.438417538,3226552.11905393,2327760.011508196,1368614.3673940708,976959.754321073,1086767.4744115784,1149483.9126949743,1372560.2310776962,1128074.9823785066
2022-07-05,3191480.7631359417,4247362.419641546,3226552.11905393,2327760.011508196,1368744.4692536506,977011.0473806915,1086767.4744115784,1149483.9126949743,1372598.7737543348,1128162.1696167751
2022-07-06,3191735.163506701,4247404.527111246,3226713.0898556462,2327760.011508196,1368744.4692536506,977048.9706276804,1086868.9524861122,1149491.604596336,1372683.7868856753,1128177.5877409005
2022-07-07,3192018.22354756,4247404.527111246,3226713.0898556462,2327760.011508196,1368787.650141679,977086.1605382675,1086868.9524861122,1149517.3035698528,1372683.7868856753,1128177.5877409005
2022-07-08,3192183.9221284385,4247404.527111246,3226800.5156378592,2327760.011508196,1368787.650141679,977086.1605382675,1086880.8292777296,1149574.1177997252,1372761.9723242063,1128177.5877409005
2022-07-09,3192337.8860514946,4247527.869067495,3226800.5156378592,2327857.121400688,1368787.650141679,977086.1605382675,1086891.4240388568,1149574.1177997252,1372849.83573371,1128177.5877409005
2022-07-10,3192337.8860514946,4247527.869067495,3227123.3343215385,2327991.663688693,1368830.8569875737,977086.1605382675,1086965.861056549,1149574.1177997252,1372905.3250821256,1128267.1213362021
2022-07-11,3192494.1121214787,4247527.869067495,3227123.3343215385,2327991.663688693,1368844.7623360574,977086.1605382675,1086976.1806040169,1149574.1177997252,1372905.3250821256,1128267.1213362021
2022-07-12,3192697.797616184,4247705.191243247,3227276.800739342,2327991.663688693,1368844.7623360574,977093.5256718089,1087047.0007646556,1149574.1177997252,1372905.3250821256,1128304.0825637828
2022-07-13,3192733.8576703733,4247705.191243247,3227516.6020754804,2328009.1742013805,1368944.8532821082,977136.2436401681,1087150.5669513869,1149574.1177997252,1372905.3250821256,1128341.1023730256
2022-07-14,3192733.8576703733,4247705.191243247,3227638.7271482567,2328034.523339346,1368961.263408705,977194.3782107312,1087150.5669513869,1149574.1177997252,1373073.7146528745,1128341.1023730256
2022-07-15,3192733.8576703733,4247705.191243247,3227640.8421034203,2328034.523339346,1368961.263408705,977217.2637534458,1087167.1276115302,1149582.943894739,1373176.5515180337,1128341.1023730256
2022-07-16,3192733.8576703733,4247812.9223387195,3227924.7536018738,2328045.9102631393,1368961.263408705,977226.3451622374,1087167.1276115302,1149582.943894739,1373228.1799494291,1128341.1023730256
2022-07-17,3192990.801980331,4247812.9223387195,3227924.7536018738,2328045.9102631393,1369015.2928675984,977226.3451622374,1087167.1276115302,1149654.3934031941,1373228.1799494291,1128348.4712302808
2022-07-18,3192990.801980331,4247812.9223387195,3227924.7536018738,2328245.6151760286,1369055.643412198,977276.562801072,1087202.675319159,1149707.0044526788,1373284.8576635295,1128428.8865327374
2022-07-19,3193122.501006452,4247812.9223387195,3227924.7536018738,2328245.6151760286,1369078.5809583457,977276.562801072,1087202.675319159,1149745.503143556,1373392.7647720443,1128502.7727469609
2022-07-20,3193122.501006452,4247812.9223387195,3227944.9605963756,2328245.6151760286,1369078.5809583457,977317.1107840232,1087317.6385887451,1149773.6474141546,1373402.1712119698,1128596.9610211004
2022-07-21,3193122.501006452,4247812.9223387195,3228243.080661781,2328507.0841206606,1369078.5809583457,977335.4153169934,1087464.2898953669,1149803.2610929064,1373402.1712119698,1128618.938546663
2022-07-22,3193122.501006452,4248073.5381979495,3228243.080661781,2328507.0841206606,1369078.5809583457,977335.4153169934,1087511.381872041,1149803.2610929064,1373516.6978051893,1128776.0408316127
2022-07-23,3193122.501006452,4248576.468816698,3228243.080661781,2328619.228289012,1369153.8803183427,977335.4153169934,1087590.7182225445,1149904.4707762157,1373552.5435058363,1128793.710685247
2022-07-24,3193155.4162821723,4248792.159061825,3228243.080661781,2328861.690151775,1369234.9712101717,977335.4153169934,1087616.024135469,1149918.1502290023,1373552.5435058363,1128821.5915974386
2022-07-25,3193374.0339225396,4248814.901615399,3228346.5089064655,2328861.690151775,1369314.0330440227,977379.2614685218,1087616.024135469,1149970.4315138115,1373613.5699231795,1128869.8983947833
2022-07-26,3193494.6425597337,4248814.901615399,3228409.226810005,2328996.9796743365,1369418.3949405814,977453.9853348596,1087616.024135469,1150044.809769719,1373613.5699231795,1128929.6823913918
2022-07-27,3193494.6425597337,4248814.901615399,3228409.226810005,2328996.9796743365,1369418.3949405814,977453.9853348596,1087616.024135469,1150139.7103697883,1373652.5415598336,1128983.1100231365
2022-07-28,3193713.9595550494,4248814.901615399,3228409.226810005,2328996.9796743365,1369418.3949405814,977453.9853348596,1087616.927222707,1150202.1200029566,1373652.5415598336,1128983.1100231365
2022-07-29,3193713.9595550494,4248814.901615399,3228409.226810005,2328996.9796743365,1369418.3949405814,977453.9853348596,1087616.927222707,1150202.1200029566,1373652.5415598336,1129138.5311853446
2022-07-30,3193713.9595550494,4249052.880177968,3228522.4514612867,2328996.9796743365,1369524.7565672265,977501.9247244006,1087656.3915201214,1150281.983083602,1373652.5415598336,1129138.5311853446
2022-07-31,3193743.0005012075,4249321.515791451,3228774.5370337595,2329128.7275453494,1369524.7565672265,977501.9247244006,1087656.3915201214,1150281.983083602,1373714.6294108569,1129138.5311853446
2022-08-01,3193946.9939157753,4249477.874019596,3228774.5370337595,2329301.6011025175,1369574.8077951535,977554.7837274818,1087670.253683649,1150308.5427329112,1373807.5831641033,1129148.8931782492
2022-08-02,3193946.9939157753,4249477.874019596,3228774.5370337595,2329441.841007537,1369574.8077951535,977554.7837274818,1087707.8200854464,1150308.5427329112,1373978.0471244485,1129248.5502681434
2022-08-03,3194036.676805183,4249477.874019596,3228774.5370337595,2329441.841007537,1369574.8077951535,977621.3628615084,1087743.7405570815,1150308.5427329112,1373978.0471244485,1129248.5502681434
2022-08-04,3194036.676805183,4249533.837727607,3228774.5370337595,2329441.841007537,1369653.5164854212,977621.3628615084,1087815.560164567,1150463.7264943658,1373978.0471244485,1129262.142853532
2022-08-05,3194046.2273313366,4249619.112618916,3228877.1791607165,2329441.841007537,1369834.5591201603,977621.3628615084,1087815.560164567,1150463.7264943658,1373997.1128455973,1129262.142853532
2022-08-06,3194292.830482475,4249619.112618916,3228877.1791607165,2329655.2416227646,1369879.4823611486,977621.3628615084,1087859.3192475734,1150463.7264943658,1373997.1128455973,1129262.142853532
2022-08-07,3194528.924977001,4250071.815691368,3228962.6896104696,2329655.2416227646,1369989.101229129,977699.896818656,1087859.3192475734,1150583.3378554417,1373997.1128455973,1129262.142853532
2022-08-08,3194648.0573177547,4250071.815691368,3228995.3950793464,2329655.2416227646,1370068.904751928,977699.896818656,1087930.6961095792,1150583.3378554417,1373997.1128455973,1129262.142853532
2022-08-09,3194666.4905918073,4250204.508828458,3229095.563725187,2329903.6493160008,1370068.904751928,977779.6130242951,1087962.0707237292,1150598.3979891255,1374055.6766079387,1129262.142853532
2022-08-10,3194758.2553135194,4250207.238904942,3229197.081493201,2329972.050067145,1370068.904751928,977779.6130242951,1087962.0707237292,1150598.3979891255,1374055.6766079387,1129262.142853532
2022-08-11,3194758.2553135194,4250207.238904942,3229197.081493201,2329972.050067145,1370068.904751928,977779.6130242951,1087999.9726692946,1150598.3979891255,1374113.2373678042,1129262.142853532
2022-08-12,3194795.5553056127,4250357.863833152,3229197.081493201,2329972.050067145,1370068.904751928,977825.9633504458,1087999.9726692946,1150598.3979891255,1374121.162866048,1129262.142853532
2022-08-13,3194868.908842731,4250841.611252695,3229197.081493201,2330008.760445852,1370175.8329995216,977825.9633504458,1088109.8927835785,1150598.3979891255,1374127.6508933026,1129365.7764204137
2022-08-14,3194868.908842731,4250841.611252695,3229231.1875793044,2330141.5141792092,1370258.562196926,977931.9163211084,1088109.8927835785,1150633.05892098,1374197.1564818115,1129365.7764204137
2022-08-15,3194868.908842731,4250841.611252695,3229323.834373474,2330141.5141792092,1370258.562196926,977931.9163211084,1088110.005866473,1150699.4596688284,1374207.4400139402,1129365.7764204137
2022-08-16,3194923.9057474597,4250841.611252695,3229468.4395822645,2330196.060666172,1370258.562196926,977931.9163211084,1088110.005866473,1150699.4596688284,1374218.4988423581,1129365.7764204137
2022-08-17,3194923.9057474597,4250841.611252695,3229468.4395822645,2330372.0301483334,1370430.0010662316,977985.8513761318,1088110.005866473,1150699.4596688284,1374218.4988423581,1129365.7764204137
2022-08-18,3195216.33803024,4250971.961461474,3229519.022813149,2330502.9902876704,1370453.7754930365,978026.5872636433,1088110.005866473,1150699.4596688284,1374242.8314100998,1129375.1430438827
2022-08-19,3195216.33803024,4250971.961461474,3229687.09132124,2330586.2473256607,1370492.5518136322,978052.5705567761,1088130.6131809005,1150758.873269274,1374242.8314100998,1129381.3380807098
2022-08-20,3195216.33803024,4251070.015642087,3229818.50199559,2330790.908004308,1370646.8703231397,978080.3908878532,1088185.2397949186,1150758.873269274,1374280.1859878874,1129471.6831957335
2022-08-21,3195257.5108438996,4251357.413414703,3229818.50199559,2330790.908004308,1370646.8703231397,978131.4758140945,1088248.3006719959,1150909.2328557514,1374295.2970369603,1129471.6831957335
2022-08-22,3195257.5108438996,4251357.413414703,3229818.50199559,2330950.070306483,1370646.8703231397,978194.9615160334,1088282.5686206433,1151000.9545013164,1374416.8118349703,1129471.6831957335
2022-08-23,3195257.5108438996,4251404.478841061,3229905.0526830712,2330958.3678614353,1370671.586753309,978271.510706308,1088282.5686206433,1151020.0449692204,1374450.3230505004,1129471.6831957335
2022-08-24,3195257.5108438996,4251548.218110422,3229905.0526830712,2330958.3678614353,1370671.586753309,978288.2152612316,1088282.5686206433,1151124.4562075273,1374566.215212504,1129471.6831957335
2022-08-25,3195400.0890022377,4251756.081794192,3229905.0526830712,2330958.3678614353,1370671.586753309,978324.1157225356,1088282.5686206433,1151124.4562075273,1374566.215212504,1129520.7444037353
2022-08-26,3195422.664012705,4252116.869887974,3229905.0526830712,2330958.3678614353,1370720.0639616398,978324.1157225356,1088282.5686206433,1151191.5213657306,1374572.852276011,1129520.7444037353
2022-08-27,3195679.665102776,4252116.869887974,3229931.152763341,2330995.7317120284,1370751.5107711684,978380.4011667314,1088282.5686206433,1151215.6178717325,1374572.852276011,1129520.7444037353
2022-08-28,3195885.12984387,4252210.2034285525,3229931.152763341,2331038.459947039,1370751.5107711684,978404.8177039976,1088282.5686206433,1151215.6178717325,1374637.4722571147,1129544.6965918427
2022-08-29,3196154.5915146265,4252210.2034285525,3229931.152763341,2331038.459947039,1370751.5107711684,978404.8177039976,1088282.5686206433,1151239.5074058145,1374637.4722571147,1129609.7949792508
2022-08-30,3196377.1302326964,4252210.2034285525,3229931.152763341,2331381.5101787,1370751.5107711684,978413.4713733244,1088299.9705253507,1151239.5074058145,1374637.4722571147,1129656.3071940152
2022-08-31,3196465.5816442533,4252210.2034285525,3230033.143185,2331381.5101787,1370759.8539899725,978413.4713733244,1088444.7750714943,1151239.5074058145,1374637.4722571147,1129734.2692886402
2022-09-01,3196684.6560328966,4252210.2034285525,3230033.143185,2331525.4742171927,1370801.1905365644,978413.4713733244,1088469.777176675,1151319.9899399334,1374637.4722571147,1129825.417583131
2022-09-02,3196684.6560328966,4252210.2034285525,3230033.143185,2331525.4742171927,1370838.1052098323,978413.4713733244,1088469.777176675,1151319.9899399334,1374667.7770284207,1129909.9655627783
2022-09-03,3196861.1163784545,4252318.446134579,3230539.7971688956,2331684.3039492285,1370915.8719001696,978413.4713733244,1088518.5051490408,1151333.4278924367,1374667.7770284207,1130032.2669579545
2022-09-04,3196861.1163784545,4252762.870118392,3230539.7971688956,2331888.9382519857,1370915.8719001696,978413.4713733244,1088588.2952943319,1151333.4278924367,1374690.5310137772,1130039.0628931727
2022-09-05,3196861.1163784545,4252975.737954537,3230755.246451147,2332076.7686142223,1371004.033433617,978413.4713733244,1088773.8009962195,1151333.4278924367,1374724.3026606762,1130061.153562892
2022-09-06,3196901.0046153567,4252975.737954537,3230883.3701798734,2332098.9208649104,1371011.9479787655,978500.2684885545,1088843.219785631,1151336.1986501925,1374724.3026606762,1130070.2439971608
2022-09-07,3196901.0046153567,4253345.339139968,3230883.3701798734,2332098.9208649104,1371056.1405621094,978551.4451118371,1088854.325684954,1151336.1986501925,1374820.7677916987,1130070.2439971608
2022-09-08,3197036.8132800995,4253345.339139968,3230883.3701798734,2332196.669219618,1371102.834830164,978568.3697740173,1088937.0084583594,1151391.7982223923,1374820.7677916987,1130072.540475847
2022-09-09,3197233.376605335,4253345.339139968,3231148.026726125,2332196.669219618,1371132.2455759288,978570.4138461862,1088944.0472167123,1151452.4638472737,1374896.6951407013,1130072.540475847
2022-09-10,3197233.376605335,4253345.339139968,3231284.352185204,2332196.669219618,1371168.9142195869,978570.4138461862,1088944.0472167123,1151452.4638472737,1374896.6951407013,1130072.540475847
2022-09-11,3197255.7607957884,4253345.339139968,3231600.4369347435,2332196.669219618,1371202.1826982687,978584.9496579105,1088944.0472167123,1151452.4638472737,1374896.6951407013,1130111.0396028727
2022-09-12,3197261.7611762416,4253345.339139968,3231600.4369347435,2332196.669219618,1371405.229286838,978652.614040685,1088944.0472167123,1151452.4638472737,1374896.6951407013,1130113.4558926465
2022-09-13,3197276.8807492,4253345.339139968,3231600.4369347435,2332306.7621501973,1371405.229286838,978664.5559841018,1088944.0472167123,1151605.2868761239,1375055.884848374,1130160.6133718558
2022-09-14,3197727.2583300252,4253397.325582695,3231600.4369347435,2332306.7621501973,1371443.8681213981,978679.8439287866,1088944.0472167123,1151605.2868761239,1375064.9256624586,1130160.6133718558
2022-09-15,3197727.2583300252,4253397.325582695,3231803.8890190423,2332416.539052703,1371443.8681213981,978761.4360521637,1088944.0472167123,1151718.8749504967,1375098.2739173702,1130160.6133718558
2022-09-16,3197727.2583300252,4253397.325582695,3231972.378712038,2332416.539052703,1371443.8681213981,978790.7706552914,1088957.4763006864,1151718.8749504967,1375128.354606847,1130160.6133718558
2022-09-17,3197849.6229343684,4253464.328936844,3232167.777595172,2332416.539052703,1371516.294056683,978804.8004622782,1089009.067775149,1151718.8749504967,1375128.354606847,1130250.855605809
2022-09-18,3197903.6373772454,4253464.328936844,3232238.2435665857,2332416.539052703,1371516.294056683,978804.8004622782,1089059.0255096727,1151718.8749504967,1375128.354606847,1130312.4198072765
2022-09-19,3197903.6373772454,4253649.087405346,3232307.0369494017,2332631.995945449,1371575.9979316255,978804.8004622782,1089059.0255096727,1151804.8233458858,1375128.354606847,1130323.239614594
2022-09-20,3197903.6373772454,4253649.087405346,3232307.0369494017,2332631.995945449,1371575.9979316255,978819.4195411765,1089059.0255096727,1151804.8233458858,1375203.7516645503,1130430.820296558
2022-09-21,3197938.374115309,4253649.087405346,3232488.9538929625,2332631.995945449,1371639.7766514546,978819.4195411765,1089163.826663503,1151806.6158436367,1375203.7516645503,1130430.820296558
2022-09-22,3198042.4631674006,4253649.087405346,3232488.9538929625,2332716.629626015,1371639.7766514546,978874.804291201,1089163.826663503,1151806.6158436367,1375203.7516645503,1130430.820296558
2022-09-23,3198055.4376718653,4253649.087405346,3232488.9538929625,2332716.629626015,1371657.582177549,978904.166895585,1089163.826663503,1151806.6158436367,1375242.7398516622,1130436.1477314793
2022-09-24,3198202.222363497,4253741.979447959,3232623.6474962835,2332735.381441868,1371657.582177549,978929.3870041477,1089163.826663503,1151855.0049312632,1375242.7398516622,1130514.792631327
2022-09-25,3198451.8044840405,4253827.610201185,3232623.6474962835,2332882.659617759,1371733.2541061165,978929.3870041477,1089163.826663503,1151855.0049312632,1375242.7398516622,1130551.636758435
2022-09-26,3198451.8044840405,4253860.788993561,3232858.9351558164,2332882.659617759,1371733.2541061165,978966.2765188859,1089163.826663503,1151908.847028625,1375242.7398516622,1130618.77959303
2022-09-27,3198451.8044840405,4253860.788993561,3232858.9351558164,2332886.2196011893,1371733.2541061165,979020.6637243346,1089163.826663503,1151908.847028625,1375242.7398516622,1130719.7301019852
2022-09-28,3198451.8044840405,4254069.8960444415,3232936.9800194697,2332914.501893662,1371745.1185406365,979020.6637243346,1089163.826663503,1151908.847028625,1375242.7398516622,1130720.8676000026
2022-09-29,3198645.7061439715,4254114.222960929,3232954.465394379,2332963.2647532234,1371809.3008907505,979020.6637243346,1089194.4686935116,1151989.8644680176,1375242.7398516622,1130818.7504087472
2022-09-30,3198876.8965851148,4254310.064841308,3233104.7447184483,2332963.2647532234,1371809.3008907505,979020.6637243346,1089194.4686935116,1152073.043139683,1375298.2415529932,1130818.7504087472
2022-10-01,3198876.8965851148,4254455.739076388,3233104.7447184483,2332994.4862450347,1371810.2869445088,979020.6637243346,1089212.1621958618,1152073.043139683,1375298.7803876095,1130843.2764418996
2022-10-02,3199003.5295660947,4254817.069673591,3233104.7447184483,2333042.027987251,1371911.633005586,979020.6637243346,1089212.1621958618,1152073.043139683,1375398.0081336603,1130843.2764418996
2022-10-03,3199003.5295660947,4255220.596691728,3233104.7447184483,2333102.056925883,1371911.633005586,979020.6637243346,1089212.1621958618,1152210.583859608,1375468.3433638052,1130843.2764418996
2022-10-04,3199003.5295660947,4255220.596691728,3233104.7447184483,2333102.056925883,1371911.633005586,979054.2080654294,1089212.1621958618,1152210.583859608,1375468.3433638052,1130843.2764418996
2022-10-05,3199081.204338652,4255220.596691728,3233628.504395881,2333280.535429375,1371929.107042151,979054.2080654294,1089229.4726662578,1152210.583859608,1375468.3433638052,1130843.2764418996
2022-10-06,3199081.204338652,4255481.773115895,3234047.576121436,2333445.5282916566,1372051.770185171,979054.2080654294,1089229.4726662578,1152248.5250145097,1375552.6163878455,1130843.2764418996
2022-10-07,3199416.530858613,4255481.773115895,3234106.586847068,2333445.5282916566,1372051.770185171,979054.2080654294,1089229.4726662578,1152248.5250145097,1375596.040807731,1130876.552484174
2022-10-08,3199618.991742778,4255481.773115895,3234106.586847068,2333585.177084239,1372051.770185171,979133.6473950644,1089359.401877249,1152248.5250145097,1375625.110229395,1130876.552484174
2022-10-09,3199959.372040409,4255481.773115895,3234215.9123932165,2333585.177084239,1372051.770185171,979259.6487083101,1089359.401877249,1152287.267256806,1375638.4278697346,1130898.8793998556
2022-10-10,3200051.926607669,4255481.773115895,3234459.887220612,2333779.26616459,1372100.1076296426,979287.0487213747,1089359.401877249,1152298.4732432477,1375722.3603482163,1130982.447902847
2022-10-11,3200236.6797068147,4255481.773115895,3234459.887220612,2333891.000367168,1372100.1076296426,979287.0487213747,1089412.8311013975,1152358.132584931,1375768.57268497,1130982.447902847
2022-10-12,3200260.371470812,4255715.204993779,3234835.115140692,2333891.000367168,1372100.1076296426,979287.0487213747,1089414.6944497628,1152358.132584931,1375930.136146967,1130982.447902847
2022-10-13,3200277.588382339,4255957.584173831,3234835.115140692,2333891.000367168,1372100.1076296426,979318.5588727682,1089414.6944497628,1152409.8025150571,1375930.136146967,1130982.447902847
2022-10-14,3200440.5253238995,4256154.926358736,3234835.115140692,2333995.032289964,1372100.1076296426,979318.5588727682,1089423.3353228124,1152487.7406913883,1375991.960869643,1130982.447902847
2022-10-15,3200510.2291812464,4256530.92346143,3234857.1669691307,2334009.195269562,1372100.1076296426,979318.5588727682,1089423.3353228124,1152487.7406913883,1375991.960869643,1130982.447902847
2022-10-16,3200510.2291812464,4256744.821772641,3235009.558098965,2334009.195269562,1372212.512551758,979318.5588727682,1089435.0792754407,1152487.7406913883,1375991.960869643,1131003.1234476839
2022-10-17,3200596.876168291,4256910.763022703,3235182.6232860843,2334009.195269562,1372212.512551758,979404.647302889,1089538.108166975,1152487.7406913883,1375991.960869643,1131003.1234476839
2022-10-18,3200596.876168291,4257208.842467825,3235636.450714958,2334246.086659833,1372212.512551758,979466.6096805206,1089606.7780844797,1152511.899266593,1376039.6004938686,1131021.3323864485
2022-10-19,3200596.876168291,4257208.842467825,3235636.450714958,2334263.032240272,1372252.0365286034,979572.494789622,1089629.5542941047,1152585.719862459,1376039.6004938686,1131027.5278635542
2022-10-20,3200623.8871462285,4257208.842467825,3235636.450714958,2334263.032240272,1372252.0365286034,979572.494789622,1089653.647834683,1152585.719862459,1376039.6004938686,1131086.6720989393
2022-10-21,3200645.9145421935,4257564.033194492,3235793.7289566905,2334263.032240272,1372287.7310792312,979661.7821941886,1089655.0955535886,1152593.7603965725,1376074.4187633717,1131086.6720989393
2022-10-22,3200645.9145421935,4257564.033194492,3235795.6192944,2334263.032240272,1372333.1578551254,979669.6099310821,1089655.0955535886,1152593.7603965725,1376074.4187633717,1131164.0982219395
2022-10-23,3200764.8561903914,4257592.0650668545,3235795.6192944,2334348.825789962,1372333.1578551254,979714.5148635386,1089708.639391934,1152593.7603965725,1376074.4187633717,1131164.0982219395
2022-10-24,3200764.8561903914,4257647.134786541,3236203.813585577,2334438.7012412455,1372333.1578551254,979739.1941264456,1089745.6558088178,1152719.446736364,1376216.4869695925,1131164.0982219395
2022-10-25,3200870.888182507,4257647.134786541,3236203.813585577,2334444.118646144,1372333.1578551254,979739.1941264456,1089745.6558088178,1152810.473136506,1376255.3853146955,1131179.2191001175
2022-10-26,3200900.0589322806,4257647.134786541,3236368.6286519305,2334444.118646144,1372344.263573226,979757.9031230032,1089874.3733951955,1152810.473136506,1376255.3853146955,1131179.2191001175
2022-10-27,3200938.3204719336,4257647.134786541,3236411.881043638,2334444.118646144,1372470.6915974258,979778.1191112812,1089957.794225268,1152810.473136506,1376255.3853146955,1131179.2191001175
2022-10-28,3201173.2435005615,4257780.030572965,3236411.881043638,2334711.703249053,1372490.9973399565,979778.1191112812,1089957.794225268,1152810.473136506,1376255.3853146955,1131211.2756148095
2022-10-29,3201173.2435005615,4258152.019973516,3236411.881043638,2334711.703249053,1372513.3943621204,979795.5937794622,1089957.794225268,1152918.4222613876,1376320.415192849,1131211.2756148095
2022-10-30,3201173.2435005615,4258152.019973516,3236492.7510114326,2334809.822985723,1372533.728993567,979795.5937794622,1089967.8018991505,1152918.4222613876,1376320.415192849,1131278.308988523
2022-10-31,3201432.49917428,4258152.019973516,3236602.3798061153,2334809.822985723,1372585.2040544746,979795.5937794622,1089967.8018991505,1152951.0554074692,1376370.626896945,1131294.7786259623
2022-11-01,3201432.49917428,4258234.869117227,3236809.6441115434,2334809.822985723,1372585.2040544746,979795.5937794622,1090098.2463200768,1152951.0554074692,1376409.85549073,1131294.7786259623
2022-11-02,3201432.49917428,4258245.535274773,3236809.6441115434,2334896.730849696,1372585.2040544746,979799.8744773641,1090098.2463200768,1152970.050650789,1376471.0834630786,1131294.7786259623
2022-11-03,3201540.516304709,4258508.505894768,3236809.6441115434,2334896.730849696,1372609.9246788428,979843.1518609405,1090098.2463200768,1152970.050650789,1376538.0486492543,1131294.7786259623
2022-11-04,3201540.516304709,4258563.148937016,3236814.425999261,2334935.9635560852,1372686.868372977,979843.1518609405,1090098.2463200768,1152970.050650789,1376538.0486492543,1131294.7786259623
2022-11-05,3201540.516304709,4258680.101509753,3236839.5572691173,2335023.841407347,1372694.5912025208,979843.1518609405,1090106.875859527,1152970.050650789,1376567.1279561627,1131294.7786259623
2022-11-06,3201540.516304709,4258769.984786547,3236986.787616263,2335117.634939358,1372816.340901147,979843.1518609405,1090181.298280672,1152970.050650789,1376567.1279561627,1131393.3230080758
2022-11-07,3201855.180176366,4259316.891242881,3237181.645165607,2335330.2867920357,1372816.340901147,979843.1518609405,1090181.298280672,1153099.2990947876,1376567.1279561627,1131393.3230080758
2022-11-08,3201855.180176366,4259378.584350196,3237181.645165607,2335360.008746913,1372816.340901147,979843.1518609405,1090302.096769898,1153099.2990947876,1376645.2641332513,1131393.3230080758
2022-11-09,3202008.556589951,4259378.584350196,3237570.62374537,2335360.008746913,1372816.340901147,979843.1518609405,1090302.096769898,1153120.5131909763,1376766.8186133706,1131393.3230080758
2022-11-10,3202008.556589951,4259378.584350196,3237585.494437434,2335435.1279898235,1372838.391667964,979843.1518609405,1090302.096769898,1153125.5103522514,1376766.8186133706,1131413.9769139604
2022-11-11,3202059.180212288,4259378.584350196,3237715.625212002,2335498.144079919,1372881.1151597206,979860.5197233352,1090380.0625010033,1153136.98488639,1376842.3370066609,1131413.9769139604
2022-11-12,3202059.180212288,4259493.038875159,3237715.625212002,2335498.144079919,1372881.1151597206,979860.9170413497,1090380.0625010033,1153139.318210838,1376842.3370066609,1131439.074763798
2022-11-13,3202116.624730836,4259533.679007125,3237715.625212002,2335572.702467816,1372881.1151597206,979860.9170413497,1090512.1060242564,1153180.6927581667,1376885.6533881936,1131439.074763798
2022-11-14,3202277.3858498516,4259697.508857373,3237780.5591345164,2335574.625175431,1372980.832841126,979864.8766707698,1090613.9231429894,1153180.6927581667,1376885.6533881936,1131484.188428272
2022-11-15,3202277.3858498516,4259804.1088023875,3237921.929426416,2335574.625175431,1372980.832841126,979875.4917927576,1090712.88826939,1153225.4327266486,1377010.4351145138,1131519.0339788408
2022-11-16,3202560.5000797184,4260108.955852852,3237925.9404944004,2335574.625175431,1372980.832841126,979875.4917927576,1090712.88826939,1153279.5359789534,1377010.4351145138,1131519.0339788408
2022-11-17,3202675.174354468,4260288.625677966,3237956.9541851473,2335574.625175431,1373031.7476949482,979877.8682033092,1090712.88826939,1153351.0990854488,1377010.4351145138,1131634.4338658387
2022-11-18,3202792.2701819465,4260288.625677966,3237956.9541851473,2335692.3394095306,1373031.7476949482,979907.92883733,1090712.88826939,1153393.5545953026,1377010.4351145138,1131665.6081253754
2022-11-19,3202792.2701819465,4260288.625677966,3237956.9541851473,2335692.3394095306,1373073.1016595447,979907.92883733,1090712.88826939,1153404.204145626,1377044.6071670547,1131665.6081253754
2022-11-20,3202855.4418599764,4260808.397798742,3237997.671961135,2335692.3394095306,1373073.1016595447,979907.92883733,1090726.4619840742,1153404.204145626,1377044.6071670547,1131665.6081253754
2022-11-21,3202929.615101279,4260808.397798742,3238246.0360239097,2335877.3924729046,1373091.5243506518,979907.92883733,1090726.4619840742,1153404.204145626,1377061.3878942702,1131665.6081253754
2022-11-22,3203038.316609168,4260945.955156174,3238246.0360239097,2335977.2657284946,1373091.5243506518,979907.92883733,1090776.14717529,1153448.7617527563,1377190.748072708,1131802.4012544842
2022-11-23,3203038.316609168,4260996.17976985,3238374.8984743985,2336152.327570134,1373124.5815840745,979994.5390535595,1090803.3035091204,1153494.0421891178,1377190.748072708,1131802.4012544842
2022-11-24,3203059.1680287914,4260996.17976985,3238374.8984743985,2336152.327570134,1373124.5815840745,979994.5390535595,1090803.3035091204,1153494.0421891178,1377293.6335528588,1131802.4012544842
2022-11-25,3203258.9565270594,4260996.17976985,3238535.4302144474,2336195.3380393065,1373124.5815840745,979994.5390535595,1090829.4740402114,1153506.2167256852,1377293.6335528588,1131853.6449979318
2022-11-26,3203378.9601478735,4261289.522167027,3238730.068333481,2336195.3380393065,1373206.6321178167,980037.0026812623,1090829.4740402114,1153552.6419869899,1377293.6335528588,1131954.314110686
2022-11-27,3203629.182997757,4261342.943666454,3238838.5281649465,2336195.3380393065,1373206.6321178167,980079.6885198967,1090829.4740402114,1153663.5918268273,1377397.7989344813,1131964.5281022477
2022-11-28,3203751.2402478117,4261624.792391751,3239082.414775043,2336304.0419656625,1373264.54405412,980079.6885198967,1090829.4740402114,1153759.5539302677,1377405.9178869657,1132060.7701450253
2022-11-29,3203751.2402478117,4261624.792391751,3239082.414775043,2336304.0419656625,1373316.7016863665,980079.6885198967,1090829.4740402114,1153759.5539302677,1377439.8060188238,1132113.0296763114
2022-11-30,3203816.2280243384,4261624.792391751,3239149.813138337,2336304.0419656625,1373381.1783411626,980079.6885198967,1090902.375502286,1153764.230472168,1377662.0078474977,1132113.0296763114
2022-12-01,3203874.106534464,4261731.753616278,3239197.0926566347,2336393.837567728,1373381.1783411626,980099.3448059724,1090982.8211101685,1153840.2520948767,1377769.2524683888,1132159.856923625
2022-12-02,3203960.033849603,4261731.753616278,3239197.0926566347,2336393.837567728,1373381.1783411626,980099.3448059724,1090992.738237752,1153963.0930108973,1377769.2524683888,1132168.9794583125
2022-12-03,3203960.033849603,4261991.220640056,3239403.211421467,2336470.2481389265,1373391.7362392694,980099.3448059724,1090992.738237752,1153963.0930108973,1377769.2524683888,1132223.324106549
2022-12-04,3204144.99729861,4262314.924969957,3239403.211421467,2336470.2481389265,1373391.7362392694,980157.5876590325,1091027.771836002,1153967.3935315078,1377769.2524683888,1132223.324106549
2022-12-05,3204354.1666812687,4262314.924969957,3239567.515171484,2336693.9624165343,1373439.0852832235,980162.8171473036,1091072.0787463214,1154037.580691514,1377780.2543618192,1132271.8376303937
2022-12-06,3204354.1666812687,4262314.924969957,3239780.6511894525,2336711.982813304,1373500.2133960791,980180.9561915444,1091154.3702448183,1154037.580691514,1377780.2543618192,1132339.0870600983
2022-12-07,3204354.1666812687,4262314.924969957,3239780.6511894525,2336711.982813304,1373500.2133960791,980180.9561915444,1091154.3702448183,1154139.3200293693,1377897.037413151,1132379.407925509
2022-12-08,3204410.5310821645,4262314.924969957,3239780.6511894525,2336711.982813304,1373500.2133960791,980180.9561915444,1091203.427333841,1154199.9638024808,1377973.2175308836,1132458.4084094106
2022-12-09,3204410.5310821645,4262314.924969957,3239873.624836629,2336711.982813304,1373589.0028446906,980180.9561915444,1091203.427333841,1154254.30488623,1378001.3719780177,1132493.663018138
2022-12-10,3204439.610599647,4262314.924969957,3239873.624836629,2336992.214522275,1373589.0028446906,980180.9561915444,1091203.427333841,1154254.30488623,1378001.3719780177,1132495.387900415
2022-12-11,3204439.610599647,4262314.924969957,3240037.5988004655,2337042.379340518,1373613.107259714,980260.0091202358,1091203.427333841,1154254.30488623,1378001.3719780177,1132495.387900415
2022-12-12,3204450.2741158064,4262708.045311501,3240037.5988004655,2337042.379340518,1373613.107259714,980260.0091202358,1091299.9618759295,1154263.6093265903,1378039.3957341074,1132495.387900415
2022-12-13,3204450.2741158064,4262708.045311501,3240037.5988004655,2337042.379340518,1373613.107259714,980260.0091202358,1091318.0218908954,1154263.6093265903,1378039.3957341074,1132527.518488507
2022-12-14,3204450.2741158064,4262708.045311501,3240037.5988004655,2337042.379340518,1373613.107259714,980327.590350619,1091406.2977825948,1154286.2337285415,1378039.3957341074,1132534.8879205312
2022-12-15,3204839.6163603202,4262990.269794193,3240234.4375180076,2337042.379340518,1373613.107259714,980327.590350619,1091428.494568368,1154454.8482888888,1378044.5448586417,1132572.331004934
2022-12-16,3204870.476422589,4262990.269794193,3240234.4375180076,2337148.8619923433,1373613.107259714,980327.590350619,1091428.494568368,1154454.8482888888,1378044.5448586417,1132586.3575417085
2022-12-17,3204978.6445127926,4262990.269794193,3240234.4375180076,2337148.8619923433,1373647.7792125717,980327.590350619,1091428.494568368,1154511.859569091,1378086.2757589952,1132593.4636705308
2022-12-18,3205021.1887069754,4262990.269794193,3240335.6310835825,2337148.8619923433,1373647.7792125717,980327.590350619,1091428.494568368,1154527.3289826822,1378274.0575032842,1132593.4636705308
2022-12-19,3205117.4430796145,4263163.819214763,3240335.6310835825,2337345.3832997326,1373723.3644132079,980327.590350619,1091466.1030386304,1154555.748173966,1378280.238512948,1132593.4636705308
2022-12-20,3205117.4430796145,4263453.076662993,3240384.3975352966,2337345.3832997326,1373855.696127546,980346.0457168164,1091466.1030386304,1154592.299950518,1378280.238512948,1132593.4636705308
2022-12-21,3205117.4430796145,4263563.019203233,3240384.3975352966,2337427.127005692,1373855.696127546,980346.0457168164,1091566.411971868,1154592.299950518,1378280.238512948,1132704.8418369896
2022-12-22,3205117.4430796145,4263661.160851066,3240384.3975352966,2337566.440655942,1373947.0956993557,980445.5886677426,1091566.411971868,1154592.299950518,1378349.721098508,1132716.541599066
2022-12-23,3205163.2861269037,4263661.160851066,3240384.3975352966,2337693.762647665,1373968.6170132926,980445.5886677426,1091576.0339896048,1154592.299950518,1378349.721098508,1132716.541599066
2022-12-24,3205163.2861269037,4263661.160851066,3240384.3975352966,2337693.762647665,1373968.6170132926,980445.5886677426,1091601.1832990386,1154592.299950518,1378349.721098508,1132719.6371800192
2022-12-25,3205286.272422278,4263675.646755833,3240384.3975352966,2337880.358870145,1373976.0526586645,980451.0840137155,1091607.3241561751,1154748.3550769857,1378349.721098508,1132719.6371800192
2022-12-26,3205286.272422278,4263675.646755833,3240384.3975352966,2337937.395928015,1373976.0526586645,980508.9039220854,1091607.3241561751,1154748.3550769857,1378349.721098508,1132726.2523407408
2022-12-27,3205497.2572698044,4263675.646755833,3240620.1122777713,2337937.395928015,1374064.5245350574,980549.5132764716,1091805.9054811627,1154748.3550769857,1378349.721098508,1132726.2523407408
2022-12-28,3205497.2572698044,4263675.646755833,3240620.1122777713,2338076.950761569,1374064.5245350574,980549.5132764716,1091805.9054811627,1154748.3550769857,1378433.0178621006,1132726.2523407408
2022-12-29,3205497.2572698044,4263710.436812612,3240620.1122777713,2338076.950761569,1374064.5245350574,980549.5132764716,1091820.1116426669,1154748.3550769857,1378433.0178621006,1132806.1096120626
2022-12-30,3205766.826243815,4263710.436812612,3240806.329810604,2338093.6433930276,1374166.5588926033,980549.5132764716,1091858.60131584,1154748.3550769857,1378433.0178621006,1132892.7872529677
2022-12-31,3205766.826243815,4263710.436812612,3240921.8918136638,2338093.6433930276,1374277.0299642838,980549.5132764716,1091910.427392055,1154824.02779744,1378433.0178621006,1132950.2141835666
