city,population,total_cases,infection_rate_pct,mean_beta,mean_R0,fit_error
Milano,3250000,174013.0,5.354246153846153,0.0854,1.22,0.00013819
Roma,4350000,117378.0,2.6983448275862068,0.092,1.31,6.866e-05
Napoli,3100000,115468.0,3.724774193548387,0.0882,1.26,0.00017978
Torino,2250000,104188.0,4.630577777777778,0.0838,1.2,4.866e-05
Varese,890000,51786.0,5.818651685393259,0.0896,1.28,0.00016339
Verona,930000,49675.0,5.341397849462366,0.0983,1.4,0.00026216
Treviso,890000,49654.0,5.579101123595506,0.0868,1.24,4.521e-05
Monza_E_Della_Brianza,875000,48239.0,5.513028571428571,0.0885,1.26,0.00010123
Padova,940000,46374.0,4.933404255319148,0.0838,1.2,3.571e-05
Vicenza,860000,43116.0,5.013488372093023,0.0952,1.36,2.778e-05
Brescia,1265000,41960.0,3.31699604743083,0.0832,1.19,4.06e-05
Venezia,855000,38865.0,4.54561403508772,0.0886,1.27,1.537e-05
Bologna,1020000,38381.0,3.762843137254902,0.0947,1.35,3.124e-05
Genova,830000,35232.0,4.244819277108434,0.0915,1.31,7.99e-05
Bari,1250000,35127.0,2.81016,0.095,1.36,2.956e-05
Caserta,925000,34733.0,3.7549189189189187,0.0939,1.34,9.315e-05
Como,600000,33896.0,5.649333333333333,0.0906,1.29,7.727e-05
Firenze,1010000,33537.0,3.3204950495049506,0.0862,1.23,9.872e-05
Modena,710000,30279.0,4.264647887323943,0.0843,1.2,3.614e-05
Bolzano,535000,29494.0,5.512897196261682,0.0957,1.37,0.00035649
Bergamo,1115000,28253.0,2.53390134529148,0.0753,1.08,8.648e-05
Catania,1080000,27556.0,2.5514814814814812,0.0938,1.34,3.568e-05
Cuneo,585000,27185.0,4.647008547008547,0.0949,1.36,0.00019303
Salerno,1080000,25738.0,2.3831481481481482,0.0954,1.36,8.563e-05
Palermo,1250000,25647.0,2.0517600000000003,0.0891,1.27,3.092e-05
Pavia,545000,24634.0,4.52,0.0792,1.13,4.655e-05
Reggio_Nell'Emilia,530000,23562.0,4.445660377358491,0.0873,1.25,4.781e-05
Udine,530000,22038.0,4.15811320754717,0.0957,1.37,3.497e-05
Trento,545000,21840.0,4.007339449541284,0.0975,1.39,4.515e-05
Perugia,655000,21063.0,3.2157251908396947,0.0903,1.29,6.051e-05
Foggia,610000,20016.0,3.2813114754098356,0.0958,1.37,2.579e-05
Alessandria,410000,17412.0,4.246829268292683,0.0942,1.35,2.903e-05
Pisa,420000,16733.0,3.984047619047619,0.0922,1.32,0.00012606
Mantova,410000,16244.0,3.961951219512195,0.0887,1.27,3.152e-05
Novara,365000,15450.0,4.232876712328767,0.0909,1.3,0.00024199
Piacenza,285000,14862.0,5.214736842105263,0.0761,1.09,0.00010828
Belluno,200000,14636.0,7.318,0.0981,1.4,1.599e-05
Rimini,340000,14584.0,4.289411764705883,0.0847,1.21,3.029e-05
Cremona,355000,14475.0,4.077464788732394,0.0737,1.05,0.00012565
Latina,575000,14463.0,2.515304347826087,0.0956,1.37,0.00010104
Frosinone,475000,13777.0,2.900421052631579,0.0947,1.35,0.00022547
Lecco,340000,13286.0,3.9076470588235295,0.0888,1.27,6.403e-05
Ravenna,390000,12755.0,3.2705128205128204,0.0907,1.3,3.831e-05
Parma,455000,12647.0,2.7795604395604396,0.0765,1.09,5.071e-05
Lucca,390000,12546.0,3.2169230769230768,0.0905,1.29,3.8e-05
Forlì-Cesena,395000,12272.0,3.1068354430379745,0.0949,1.36,5.604e-05
Ancona,470000,11648.0,2.478297872340425,0.0949,1.36,8.698e-05
Taranto,560000,11115.0,1.9848214285714285,0.0876,1.25,3.364e-05
L'Aquila,295000,11026.0,3.7376271186440677,0.0886,1.27,7.973e-05
Messina,620000,10840.0,1.7483870967741935,0.0974,1.39,9.358e-05
Lodi,230000,10635.0,4.623913043478261,0.0714,1.02,0.00018318
Arezzo,340000,10621.0,3.1238235294117644,0.0949,1.36,0.00025496
Pordenone,310000,10621.0,3.426129032258064,0.0925,1.32,0.00054172
Trieste,235000,10585.0,4.504255319148936,0.0874,1.25,5.893e-05
Barletta-Andria-Trani,390000,10500.0,2.6923076923076925,0.0939,1.34,0.00016504
Pistoia,295000,10465.0,3.547457627118644,0.0852,1.22,7.144e-05
Prato,260000,10413.0,4.005,0.0911,1.3,0.00013151
Sassari,490000,10350.0,2.1122448979591835,0.0929,1.33,4.92e-05
Asti,210000,9879.0,4.704285714285715,0.0934,1.33,6.977e-05
Teramo,305000,9500.0,3.114754098360656,0.0837,1.2,7.648e-05
Pesaro_E_Urbino,360000,9448.0,2.6244444444444444,0.0829,1.18,4.229e-05
Ferrara,345000,9130.0,2.646376811594203,0.0947,1.35,1.622e-05
Macerata,310000,9067.0,2.9248387096774193,0.0942,1.35,3.029e-05
Avellino,400000,8905.0,2.2262500000000003,0.0914,1.31,0.00014554
Viterbo,310000,8897.0,2.87,0.0985,1.41,0.00042056
Livorno,335000,8636.0,2.577910447761194,0.0932,1.33,0.00015285
Sondrio,180000,8588.0,4.771111111111112,0.0858,1.23,4.636e-05
La_Spezia,218000,8229.0,3.774770642201835,0.0897,1.28,0.00012185
Massa_Carrara,195000,7670.0,3.933333333333333,0.084,1.2,5.032e-05
Vercelli,170000,7510.0,4.41764705882353,0.0895,1.28,6.282e-05
Savona,275000,7497.0,2.7261818181818183,0.0789,1.13,0.00010322
Rovigo,235000,7466.0,3.177021276595745,0.0978,1.4,0.00011815
Cosenza,700000,7202.0,1.028857142857143,0.0861,1.23,0.00014647
Chieti,380000,7198.0,1.8942105263157896,0.0925,1.32,2.92e-05
Pescara,320000,7141.0,2.2315625,0.0893,1.28,3.933e-05
Lecce,790000,7090.0,0.8974683544303798,0.092,1.31,2.42e-05
Aosta,124000,7006.0,5.65,0.0911,1.3,0.00360607
Cagliari,430000,6974.0,1.6218604651162791,0.0926,1.32,4.307e-05
Potenza,360000,6943.0,1.928611111111111,0.0904,1.29,5.327e-05
Ragusa,320000,6873.0,2.1478125,0.0903,1.29,6.751e-05
Biella,175000,6824.0,3.899428571428572,0.0905,1.29,3.694e-05
Verbano-Cusio-Ossola,155000,6697.0,4.320645161290323,0.09,1.29,8.24e-05
Terni,225000,6696.0,2.976,0.0929,1.33,0.00025448
Brindisi,385000,6501.0,1.6885714285714286,0.0907,1.3,4.354e-05
Imperia,210000,6382.0,3.039047619047619,0.0894,1.28,0.00011296
Nuoro,205000,6200.0,3.024390243902439,0.09,1.29,0.00011848
Gorizia,140000,6165.0,4.4035714285714285,0.0923,1.32,0.00011127
Trapani,425000,6022.0,1.4169411764705881,0.0914,1.31,5.087e-05
Siracusa,390000,5544.0,1.4215384615384616,0.0908,1.3,0.00014008
Ascoli_Piceno,205000,5145.0,2.5097560975609756,0.0895,1.28,0.00013952
Sud_Sardegna,340000,5107.0,1.5020588235294117,0.0921,1.32,2.909e-05
Rieti,155000,5030.0,3.2451612903225806,0.0892,1.27,0.00017071
Siena,265000,4959.0,1.8713207547169812,0.0845,1.21,7.084e-05
Fermo,170000,4859.0,2.858235294117647,0.0978,1.4,0.00036538
Benevento,270000,4659.0,1.7255555555555555,0.0888,1.27,0.00017875
Campobasso,215000,4257.0,1.9800000000000002,0.0901,1.29,0.00011058
Grosseto,220000,4193.0,1.9059090909090908,0.0899,1.28,0.00040439
Caltanissetta,255000,3961.0,1.5533333333333332,0.0913,1.3,2.594e-05
Agrigento,415000,3863.0,0.930843373493976,0.0885,1.26,0.00021274
Matera,195000,3545.0,1.817948717948718,0.0858,1.23,0.00012355
Catanzaro,350000,3361.0,0.9602857142857142,0.0906,1.29,4.186e-05
Enna,160000,3338.0,2.0862499999999997,0.0886,1.27,0.00016461
Oristano,155000,2482.0,1.6012903225806452,0.0879,1.26,6.962e-05
Isernia,83000,2219.0,2.6734939759036145,0.0863,1.23,0.00010884
Crotone,170000,2198.0,1.2929411764705883,0.086,1.23,0.00010394
Vibo_Valentia,155000,1826.0,1.1780645161290322,0.0956,1.37,8.802e-05
